inventory_id,product_id,warehouse_id,available_quantity,reserved_quantity,updated_at
INV-0001,PRD-TEMP-001,WH-MAIN,42,0,2026-08-26
INV-0002,PRD-TEMP-002,WH-MAIN,8,0,2026-08-25
INV-0003,PRD-TEMP-004,WH-MAIN,25,0,2026-08-24
INV-0004,PRD-TEMP-005,WH-MAIN,10,0,2026-08-27
INV-0005,PRD-TEMP-006,WH-MAIN,30,0,2026-07-10
INV-0006,PRD-TEMP-007,WH-MAIN,5,0,2026-08-28
INV-0007,PRD-TEMP-008,WH-MAIN,0,0,2026-08-26
INV-0008,PRD-PRES-001,WH-MAIN,60,5,2026-08-28
INV-0009,PRD-PRES-002,WH-MAIN,12,0,2026-08-25
INV-0010,PRD-PRES-003,WH-MAIN,33,0,2026-08-27
INV-0011,PRD-PRES-004,WH-MAIN,2,0,2026-08-26
INV-0012,PRD-PRES-005,WH-MAIN,15,0,2026-08-24
INV-0013,PRD-VIB-001,WH-MAIN,18,0,2026-08-28
INV-0014,PRD-VIB-002,WH-MAIN,4,0,2026-08-25
INV-0015,PRD-VIB-003,WH-MAIN,27,0,2026-08-27
INV-0016,PRD-VIB-004,WH-MAIN,9,0,2026-08-23
