product_id,sku,product_name,category,description,use_cases,technical_specs,measurement_unit,min_operating_value,max_operating_value,price,currency,lead_time_days,active
PRD-TEMP-001,NEX-TEMP-001,Sensor de Temperatura Industrial T150,temperature,Sensor industrial para monitoramento contínuo de temperatura em máquinas,monitoramento de máquinas|fornos industriais,precisao:+/-0.5C|saida:4-20mA|material:aco_inox,C,-20,180,780.00,BRL,3,true
PRD-TEMP-002,NEX-TEMP-002,Sensor de Temperatura Compacto T100,temperature,Sensor compacto para instalação em painéis e superfícies,monitoramento de máquinas|painéis elétricos,precisao:+/-1C|saida:0-10V|material:aluminio,C,0,100,450.00,BRL,5,true
PRD-TEMP-003,NEX-TEMP-003,Transmissor de Temperatura sem Fio T200,temperature,Transmissor sem fio para monitoramento remoto de temperatura,monitoramento remoto|câmaras frias,precisao:+/-0.5C|radio:2.4GHz|bateria:2_anos,C,-40,200,950.00,BRL,7,true
PRD-TEMP-004,NEX-TEMP-004,Sensor de Temperatura Básico T80,temperature,Sensor de baixo custo para aplicações simples,manutenção predial,precisao:+/-2C|saida:4-20mA|material:pvc,C,-10,80,300.00,BRL,2,false
PRD-TEMP-005,NEX-TEMP-005,Sensor de Temperatura de Teste T90,temperature,Produto usado para validar regras de qualidade de dados,testes de qualidade,precisao:+/-1C|saida:4-20mA|material:aco_inox,C,0,90,-50.00,BRL,4,true
PRD-TEMP-006,NEX-TEMP-006,Sensor de Temperatura Importado TF,temperature,Sensor importado com escala de medição em Fahrenheit,monitoramento de máquinas,precisao:+/-0.5C|saida:4-20mA|material:aco_inox,F,-4,356,820.00,BRL,6,true
PRD-TEMP-007,NEX-TEMP-007,Termômetro de Contato Portátil T50,temperature,Termômetro portátil para medições pontuais em campo,inspeção de campo|manutenção,precisao:+/-0.5C|display:digital|material:abs,C,-50,300,120.00,BRL,1,true
PRD-TEMP-008,NEX-TEMP-008,Data Logger de Temperatura Multiuso,temperature,Registrador de temperatura para auditoria e rastreabilidade,auditoria de processos|armazenagem,precisao:+/-0.5C|memoria:16000_registros|interface:usb,C,-30,120,1150.00,BRL,12,true
PRD-PRES-001,NEX-PRES-001,Transmissor de Pressão Industrial P100,pressure,Transmissor de pressão para linhas de produção,monitoramento de linhas|hidráulica,precisao:+/-0.5%|saida:4-20mA|material:aco_inox,bar,0,10,640.00,BRL,4,true
PRD-PRES-002,NEX-PRES-002,Manômetro Digital P50,pressure,Manômetro digital para medição local de pressão,inspeção de campo|manutenção,precisao:+/-1%|display:digital|material:aluminio,bar,0,5,210.00,BRL,2,true
PRD-PRES-003,NEX-PRES-003,Transmissor de Pressão em PSI P150,pressure,Transmissor de pressão calibrado em PSI,monitoramento de máquinas|pneumática,precisao:+/-0.5%|saida:4-20mA|material:aco_inox,psi,0,150,690.00,BRL,6,true
PRD-PRES-004,NEX-PRES-004,Transmissor de Pressão de Alta Faixa P250,pressure,Transmissor para aplicações de alta pressão,hidráulica|processos industriais,precisao:+/-0.5%|saida:4-20mA|material:aco_inox,bar,0,25,1200.00,BRL,8,true
PRD-PRES-005,NEX-PRES-005,Sensor de Pressão para Testes de Qualidade,pressure,Produto usado para validar regras de qualidade de dados,testes de qualidade,,bar,,,500.00,BRL,3,true
PRD-VIB-001,NEX-VIB-001,Sensor de Vibração Industrial V10,vibration,Sensor de vibração para monitoramento de máquinas rotativas,monitoramento de máquinas|bombas e motores,faixa:0-10mm/s|saida:4-20mA|material:aco_inox,mm/s,0,10,890.00,BRL,5,true
PRD-VIB-002,NEX-VIB-002,Acelerômetro de Monitoramento Contínuo V25,vibration,Acelerômetro para monitoramento contínuo de vibração,monitoramento contínuo|turbinas,faixa:0-25mm/s|saida:4-20mA|material:aco_inox,mm/s,0,25,1490.00,BRL,10,true
PRD-VIB-003,NEX-VIB-003,Sensor de Vibração Portátil V8,vibration,Sensor portátil para inspeção de vibração em campo,inspeção de campo|manutenção,faixa:0-8mm/s|display:digital|material:abs,mm/s,0,8,560.00,BRL,3,true
PRD-VIB-004,NEX-VIB-004,Sensor de Vibração Básico V5,vibration,Sensor de baixo custo para aplicações simples,manutenção predial,faixa:0-5mm/s|saida:0-10V|material:aluminio,mm/s,0,5,400.00,BRL,2,false
